{
  "project_info": {
    "project_number": "274995274187",
    "project_id": "kasrt-acfdb",
    "storage_bucket": "kasrt-acfdb.appspot.com"
  },
  "client": [
    {
      "client_info": {
        "mobilesdk_app_id": "1:274995274187:android:2b811760c49f13a244964e",
        "android_client_info": {
          "package_name": "com.example.kasrt"
        }
      },
      "oauth_client": [],
      "api_key": [
        {
          "current_key": "AIzaSyDHl7ToUM1E5JTLeLy_KgPJU4AdL3gYLfc"
        }
      ],
      "services": {
        "appinvite_service": {
          "other_platform_oauth_client": []
        }
      }
    }
  ],
  "configuration_version": "1"
}